year_collected,month_collected,day_collected,time_of_day,locality,longitude,latitude,notes,marked_individual,location_id,date_encounter_submitted,has_left_spot_image,has_right_spot_image,count,n_locations,status,artificial,fidelity,group_locations
2022,12,21,14:0,"Casino Point, Santa Catalina Island, CA (east of the Kismet wreck)",33.349055,-118.324805,"After being told by the local divers, who dive almost every day here that they haven't seen GSB for weeks and are gone for the winter, lucky us! It was more skittish than they normally are at this site when approached, it kind of took off toward shore but a couple of minutes later it returned to where we first saw it.. BTW - we also have incredible footage of a torpedo ray that was right next to the GSB. The torpedo ray even went into a &quot;hypnotic&quot; state when rubbed on its snout and flipped over on to its back for several minutes and at first we thought the GSB was going to eat it but then it left it alone.",GSB541,Catalina Island- Casino Point,2022-12-24T01:46:06Z,TRUE,TRUE,2,1,Protected,Natural,High,Catalina Island
2022,10,11,9:40,Catalina Island - Casino Point,33.349055,-118.324805,these may be duplicate submissions i apologize!,GSB590,Catalina Island- Casino Point,2022-12-06T04:51:57Z,TRUE,FALSE,2,1,Protected,Natural,High,Catalina Island
2022,10,11,9:45,Catalina Island - Casino Point,33.349055,-118.324805,I saw up to six at a time in one place. This is a series of submission of sides since I cannot be sure anymore which left and right sides go together :-),GSB590,Catalina Island- Casino Point,2022-12-06T04:36:17Z,TRUE,FALSE,2,1,Protected,Natural,High,Catalina Island
2022,9,19,NA,Casino Points,33.349055,-118.324805,NA,GSB110,Catalina Island- Casino Point,2023-01-16T01:57:14Z,TRUE,FALSE,6,1,Protected,Natural,High,Catalina Island
2022,8,25,9:55,"Spongehenge, Hermosa Artificial Reef",33.853667,-118.413333,Both left and right sides were submitted.,GSB466,Hermosa Artificial Reef,2022-08-27T03:05:50Z,TRUE,TRUE,2,1,Non-Protected,Artificial,High,Los Angeles
2022,8,25,10:18,"Spongehenge, Hermosa Artificial Reef",33.853667,-118.413333,Both left and right sides were submitted.,GSB275,Hermosa Artificial Reef,2022-08-27T04:47:12Z,TRUE,TRUE,3,1,Non-Protected,Artificial,High,Los Angeles
2022,8,25,9:57,"Spongehenge, Hermosa Artificial Reef",33.853667,-118.413333,"Both left and right sides were submitted.  It's possible that this fish is our unspotted GSB 385, captured by GoPro on Aug. 11, 2022, but it didn't show spots. On this dive, it appeared many times.",GSB310,Hermosa Artificial Reef,2022-08-27T02:33:04Z,TRUE,FALSE,3,1,Non-Protected,Artificial,High,Los Angeles
2022,8,16,12:38,Casino point dive park,33.349055,-118.324805,"I only have pictures of this one but I saw 4 giant sea bass on this dive, 2 individually and one pair swimming together. One of the fish in the pair had a significant injury, with lots of white flesh showing. It looked like it was healed but the damage was permanent.",GSB163,Catalina Island- Casino Point,2022-08-18T05:12:42Z,TRUE,FALSE,8,1,Protected,Natural,High,Catalina Island
2022,8,11,9:50,"Spongehenge, Hermosa Artificial Reef",33.853667,-118.413333,"1 fish in sight during this encounter.. Phil shot the left side of the fish at the same time as I shot the right side, but his camera was accidentally in manual focus.  We also got a frame grab of the right side with the GoPro.",GSB319,Hermosa Artificial Reef,2022-08-24T19:41:18Z,FALSE,TRUE,3,1,Non-Protected,Artificial,High,Los Angeles
2022,8,10,NA,Casino Point,33.349055,-118.324805,Depth: 40&rsquo; Temp:67*F,GSB584,Catalina Island- Casino Point,2023-02-10T19:57:13Z,TRUE,FALSE,2,1,Protected,Natural,High,Catalina Island
2022,7,27,9:0,NA,32.851022,-117.27226,NA,GSB536,La Jolla Cove,2022-07-27T19:53:02Z,TRUE,FALSE,2,1,Protected,Natural,High,San Diego
2022,5,28,10:30,Casino point dive park,33.349055,-118.324805,Short encounter with 5 ft long GBSB had large hook through the face,GSB182,Catalina Island- Casino Point,2022-06-06T19:43:27Z,FALSE,TRUE,3,2,Protected,Natural,Low,Catalina Island
2022,5,25,10:20,NA,32.851022,-117.27226,This was the smallest of four GSB.,GSB400,La Jolla Cove,2022-05-26T03:18:30Z,TRUE,FALSE,2,2,Protected,Natural,Low,San Diego
2022,3,27,10:50,"Casino Point Dive Park, Catalina",33.349055,-118.324805,"2 in this encounter, this was the larger one.",GSB163,Catalina Island- Casino Point,2022-03-28T04:28:15Z,TRUE,FALSE,8,1,Protected,Natural,High,Catalina Island
2022,3,27,NA,"Casino Point, Catalina Island",33.349055,-118.324805,"GSB has a hook in its mouth. GSB was near the bottom, just 10 ft away from the stairs.",GSB541,Catalina Island- Casino Point,2022-03-31T17:27:05Z,TRUE,FALSE,2,1,Protected,Natural,High,Catalina Island
2022,2,20,NA,La Jolla Cove,32.851022,-117.27226,NA,GSB536,La Jolla Cove,2022-02-22T20:56:07Z,TRUE,FALSE,2,1,Protected,Natural,High,San Diego
2021,11,21,8:47,La Jolla Cove,32.851022,-117.27226,Pictures are of same GSB. GSB was swimming in a circle(ish) in the same spot over and over . No other GSB in the area (visibility was very good that day),GSB523,La Jolla Cove,2021-12-15T22:27:02Z,FALSE,FALSE,2,1,Protected,Natural,High,San Diego
2021,11,5,11:30,"WIES Pipeline, Catalinna",33.4466630319562,-118.485134,NA,GSB136,Catalina Island- frontside,2021-11-09T16:48:25Z,TRUE,FALSE,6,4,Unknown,Natural,Medium,Catalina Island
2021,10,6,NA,Catalina,33.41362,-118.38027,NA,GSB169,Catalina Island- Italian Gardens,2021-11-19T01:05:27Z,TRUE,FALSE,2,1,Protected,Natural,High,Catalina Island
2021,9,27,NA,Avalon UW Park,33.349055,-118.324805,You probably have these two in the database but you never know.. . - Ken,GSB223,Catalina Island- Casino Point,2021-09-29T05:06:29Z,TRUE,TRUE,2,1,Protected,Natural,High,Catalina Island
2021,9,4,14:0,"Santa Cruz Island, Yellow Banks dive site",34.00761756,-119.5458957,Single bass. He looked to be at least 5 ft long. Amazing encounter,GSB481,Santa Cruz Island- Yellow Banks,2021-09-06T17:05:16Z,TRUE,FALSE,2,1,Non-Protected,Natural,High,Northern Channel Islands
2021,9,4,NA,Santa Cruz Island,34.00761756,-119.5458957,"Single SeaBass, Looked to be about 5 ft in length. My 1st encounter with one. Amazing! Hope this info helps you protect them.",GSB481,Santa Cruz Island- Yellow Banks,2021-09-06T17:22:31Z,TRUE,FALSE,2,1,Non-Protected,Natural,High,Northern Channel Islands
2021,8,28,NA,"Lighthouse Reef, Anacapa",34.016889,-119.358266,"I am pretty sure that this is &quot;Amy&quot;, who was spotted here previously. &quot;She&quot; hung around for the entire dive.",GSB244,Anacapa Island- Lighthouse Reef,2021-08-29T04:00:51Z,TRUE,TRUE,3,3,Protected,Natural,Low,Northern Channel Islands
2021,8,26,15:30,Anacapa Island - Admiral's Reef,34.00775,-119.434383,"We did the dive with cameras after finishing our KFM surveys for the day, I personally had seen two pairs of GSB together during my surveys, which could have been the same pair circling around, and my coworkers had also seen (likely) the same pair, so there were for sure at least two individuals at this site this day.",GSB527,Anacapa Island- Admiral's Reef,2022-01-15T00:27:43Z,TRUE,TRUE,2,2,Non-Protected,Natural,Low,Northern Channel Islands
2021,8,24,8:54,Hermosa Artificial Reef,33.853667,-118.413333,Left and right sides were submitted.,GSB467,Hermosa Artificial Reef,2021-08-26T22:32:25Z,TRUE,TRUE,3,1,Non-Protected,Artificial,High,Los Angeles
2021,8,24,8:34,Hermosa Artificial Reef,33.853667,-118.413333,Maximum number of GSB sighted at one time during this dive was 3.  . Left and right sides of this fish were submitted - Phil and I each got one side at the same time.,GSB466,Hermosa Artificial Reef,2021-08-26T22:17:38Z,TRUE,TRUE,2,1,Non-Protected,Artificial,High,Los Angeles
2021,8,24,8:45,Hermosa Artificial Reef,33.853667,-118.413333,"Left and right sides were submitted.. Please note that the left side images show the same fish that we submitted on Aug. 8, 2021, with the file name GSB 451.  This set of images is better.",GSB468,Hermosa Artificial Reef,2021-08-26T22:27:58Z,TRUE,TRUE,2,1,Non-Protected,Artificial,High,Los Angeles
2021,8,22,16:15,NA,33.349054,-118.324804,NA,GSB204,Catalina Island- Casino Point,2021-08-25T18:29:12Z,TRUE,FALSE,2,1,Protected,Natural,High,Catalina Island
2021,8,13,11:25,Anacapa; Twin Bay Point,34.01241,-119.39236,"Same giant sea bass spotted at Winfield Scott around 10am, aprox&iacute;mate dept same as twin bay. Video from Twin Bay",GSB244,Anacapa Island- Brickyard,2021-08-14T19:08:17Z,FALSE,TRUE,3,3,Protected,Natural,Low,Northern Channel Islands
2021,8,8,11:51,Hermosa Artificial Reef,33.853667,-118.413333,We saw this fish many times during the dive...left and right sides were submitted.,GSB353,Hermosa Artificial Reef,2021-08-14T00:10:39Z,TRUE,TRUE,4,1,Non-Protected,Artificial,High,Los Angeles
2021,8,8,9:23,Hermosa Artificial Reef,33.853667,-118.413333,"Again, I didn't send this in at the time because I wasn't sure if this fish qualified for pattern recognition because of the position it's in.",GSB319,Hermosa Artificial Reef,2022-01-28T15:17:46Z,TRUE,FALSE,3,1,Non-Protected,Artificial,High,Los Angeles
2021,8,8,11:29,Hermosa Artificial Reef,33.853667,-118.413333,NA,GSB468,Hermosa Artificial Reef,2021-08-14T17:19:59Z,TRUE,FALSE,2,1,Non-Protected,Artificial,High,Los Angeles
2021,8,6,NA,Anacapa Island,34.004546,-119.398734,NA,GSB527,Anacapa Island,2022-03-24T19:00:11Z,FALSE,TRUE,2,2,Unknown,Natural,Low,Northern Channel Islands
2021,8,2,7:56,Hermosa Artificial Reef,33.853667,-118.413333,"This fish, GSB 338, was encountered 2 days prior, on 2021-07-31.  Its right side is so distinctive that we intermediately recognized it and were able to get both sides.  It is one of only two fish seen that day.",GSB275,Hermosa Artificial Reef,2021-08-07T13:55:13Z,TRUE,TRUE,3,1,Non-Protected,Artificial,High,Los Angeles
2021,8,2,NA,Hermosa Beach Artificial Reef,33.853668,-118.413334,"We have seen over 125 individuals at this sight. During dives with good visibility, we have seen as many as 14 at one time.",GSB275,Hermosa Artificial Reef,2021-12-22T20:25:49Z,FALSE,TRUE,3,1,Non-Protected,Artificial,High,Los Angeles
2021,7,31,9:27,Hermosa Artificial Reef,33.853667,-118.413333,Left and right sides are submitted.,GSB310,Hermosa Artificial Reef,2021-08-07T01:56:40Z,TRUE,TRUE,3,1,Non-Protected,Artificial,High,Los Angeles
2021,7,31,9:41,Hermosa Artificial Reef,33.853667,-118.413333,NA,GSB467,Hermosa Artificial Reef,2021-08-07T02:35:40Z,TRUE,TRUE,3,1,Non-Protected,Artificial,High,Los Angeles
2021,7,31,9:43,Hermosa Artificial Reef,33.853667,-118.413333,NA,GSB467,Hermosa Artificial Reef,2021-08-07T02:50:52Z,TRUE,FALSE,3,1,Non-Protected,Artificial,High,Los Angeles
2021,7,31,9:56,Hermosa Artificial Reef,33.853667,-118.413333,Left and right sides were submitted,GSB283,Hermosa Artificial Reef,2021-08-07T02:39:50Z,TRUE,TRUE,2,1,Non-Protected,Artificial,High,Los Angeles
2021,7,19,8:45,santa cruz,34.030471,-119.765982,These two guys stayed with us for about 10 minutes. The video attached has been cut to show the best views. It was not color graded to preserve spots for software analysis.,GSB359,Santa Cruz Island,2021-11-05T04:21:42Z,TRUE,FALSE,3,3,Unknown,Natural,Low,Northern Channel Islands
2021,7,4,9:38,NA,34.0150194,-119.4373481,NA,GSB187,Anacapa Island- Northwest Side,2021-07-12T21:50:06Z,TRUE,FALSE,5,4,Protected,Natural,Medium,Northern Channel Islands
2021,6,27,9:0,La Jolla Cove,32.851022,-117.27226,"Multiple, like 4 of them. Largest one stayed in place. A smaller one zoomed past back and forth",GSB523,La Jolla Cove,2021-12-22T08:28:06Z,TRUE,TRUE,2,1,Protected,Natural,High,San Diego
2021,5,18,10:35,"Two Harbors, CA",33.44378,-118.495192,NA,GSB136,Catalina Island- Isthmus Cove,2021-05-18T19:51:24Z,TRUE,TRUE,6,4,Non-Protected,Natural,Medium,Catalina Island
2021,4,25,12:0,Catalina Island,33.4409,-118.4625,NA,GSB188,Catalina Island- Rock Quarry,2021-11-13T18:03:05Z,TRUE,FALSE,2,2,Protected,Natural,Low,Catalina Island
2021,4,1,NA,Catalina Island Dive Park,33.3879,-118.4163,NA,GSB136,Catalina Island,2022-03-24T19:12:21Z,TRUE,FALSE,6,4,Unknown,Natural,Medium,Catalina Island
2021,2,11,10:10,Hermosa Artificial Reef,33.853667,-118.413333,NA,GSB337,Hermosa Artificial Reef,2021-02-14T23:50:10Z,TRUE,FALSE,2,1,Non-Protected,Artificial,High,Los Angeles
2021,2,11,9:38,Hermosa Artificial Reef,33.853667,-118.413333,2,HERART014,Hermosa Artificial Reef,2021-02-15T01:31:36Z,TRUE,FALSE,5,1,Non-Protected,Artificial,High,Los Angeles
2021,2,11,9:30,Hermosa Artificial Reef,33.853667,-118.413333,2,GSB353,Hermosa Artificial Reef,2021-02-15T01:09:50Z,TRUE,FALSE,4,1,Non-Protected,Artificial,High,Los Angeles
2021,2,11,9:20,Hermosa Artificial Reef,33.853667,-118.413333,"On this dive, 5 GSB were the maximum seen at one time. . Left and right sides were submitted.",GSB353,Hermosa Artificial Reef,2021-02-14T23:35:18Z,TRUE,TRUE,4,1,Non-Protected,Artificial,High,Los Angeles
2021,2,11,9:39,Hermosa Artificial Reef,33.853667,-118.413333,2,GSB457,Hermosa Artificial Reef,2021-02-15T02:18:48Z,TRUE,FALSE,2,1,Non-Protected,Artificial,High,Los Angeles
2021,2,11,9:41,Hermosa Artificial Reef,33.853667,-118.413333,NA,HERART001,Hermosa Artificial Reef,2021-02-15T00:31:57Z,TRUE,FALSE,3,1,Non-Protected,Artificial,High,Los Angeles
2021,2,10,11:6,Hermosa Artificial Reef,33.853667,-118.413333,Left and right sides were submitted.,GSB288,Hermosa Artificial Reef,2021-02-11T03:31:00Z,TRUE,TRUE,8,1,Non-Protected,Artificial,High,Los Angeles
2021,2,9,10:34,Hermosa Artificial Reef,33.853667,-118.413333,Left and right sides were submitted.,GSB381,Hermosa Artificial Reef,2021-02-11T03:17:30Z,TRUE,TRUE,2,1,Non-Protected,Artificial,High,Los Angeles
2020,10,31,NA,"Redondo Beach, Veteran's Park",33.837588,-118.39662,"saw two different juveniles twice during the 57 min dive, both about 24' deep, nearly directly out from the stairs at the south end of the parking area (main stairs divers use)",GSB393,Redondo Beach,2020-11-01T02:05:47Z,TRUE,TRUE,2,1,Non-Protected,Natural,High,Los Angeles
2020,10,30,NA,"Two Harbor, Catalina Island",33.3879,-118.4163,NA,GSB136,Catalina Island,2022-03-25T18:08:23Z,TRUE,FALSE,6,4,Unknown,Natural,Medium,Catalina Island
2020,10,29,10:18,Hermosa Artificial Reef,33.853667,-118.413333,NA,GSB156,Hermosa Artificial Reef,2020-11-04T02:17:32Z,TRUE,FALSE,2,2,Non-Protected,Artificial,Low,Los Angeles
2020,10,29,10:22,Hermosa Artificial Reef,33.853667,-118.413333,NA,GSB274,Hermosa Artificial Reef,2020-11-04T02:24:17Z,TRUE,FALSE,5,1,Non-Protected,Artificial,High,Los Angeles
2020,10,28,9:26,Hermosa Artificial Reef,33.853667,-118.413333,"Left and right sides were submitted.  Sorry, these are out of focus because I accidentally hit the &quot;manual focus&quot; button.",GSB380,Hermosa Artificial Reef,2020-11-04T00:24:45Z,TRUE,TRUE,2,1,Non-Protected,Artificial,High,Los Angeles
2020,10,28,8:50,Hermosa Artificial Reef,33.853667,-118.413333,NA,GSB288,Hermosa Artificial Reef,2020-11-03T23:26:01Z,TRUE,FALSE,8,1,Non-Protected,Artificial,High,Los Angeles
2020,10,28,9:3,Hermosa Artificial Reef,33.853667,-118.413333,NA,GSB260,Hermosa Artificial Reef,2020-11-04T00:19:45Z,TRUE,FALSE,8,1,Non-Protected,Artificial,High,Los Angeles
2020,10,28,9:0,Hermosa Artificial Reef,33.853667,-118.413333,Left and right sides were submitted.,GSB260,Hermosa Artificial Reef,2020-11-04T00:12:38Z,TRUE,TRUE,8,1,Non-Protected,Artificial,High,Los Angeles
2020,10,28,8:45,Hermosa Artificial Reef,33.853667,-118.413333,5,GSB279,Hermosa Artificial Reef,2020-11-03T22:53:40Z,TRUE,TRUE,3,1,Non-Protected,Artificial,High,Los Angeles
2020,10,25,NA,"Redondo Beach, by 359 Esplanade Parking",33.837588,-118.39662,NA,GSB393,Redondo Beach,2020-10-30T01:19:20Z,TRUE,TRUE,2,1,Non-Protected,Natural,High,Los Angeles
2020,9,27,NA,Anacapa Island- East Fish Camp,34.0045,-119.385783,"I bet you have tons of photos of this friendly fellow, but hey why not some more.",GSB244,Anacapa Island- East Fish Camp,2020-10-03T01:48:23Z,TRUE,TRUE,3,3,Non-Protected,Natural,Low,Northern Channel Islands
2020,9,21,NA,Casino Point,33.349055,-118.324805,GSB360 was seen courting with GSB383 on this same dive.YouTube link: https://www.youtube.com/watch?v=RmZaeeTGWY8&feature=youtu.be&ab_channel=KenKurtis,GSB360,Catalina Island- Casino Point,2020-09-30T18:58:44Z,TRUE,TRUE,2,1,Protected,Natural,High,Catalina Island
2020,9,20,11:0,Catalina Island Casino Dive Park,33.349055,-118.324805,NA,GSB023,Catalina Island- Casino Point,2020-12-30T17:51:07Z,TRUE,FALSE,5,3,Protected,Natural,Low,Catalina Island
2020,9,11,10:0,"Anacapa Island; West end, south side near Rat Rock",34.01327401608859,-119.4442787,Encountered 2 Black Sea Bass during this dive but this individual kept circling close by for 10 to 15 and followed us during our return to the boat.,GSB382,Anacapa Island- Rat Rock,2020-09-13T01:12:31Z,TRUE,FALSE,3,2,Non-Protected,Natural,Low,Northern Channel Islands
2020,9,7,11:1,Hermosa Artificial Reef,33.853667,-118.413333,Two fish were in sight but not courting.  One left the scene but this one stayed under the piling for more than a minute before it finally turned and let me photograph its right side.  Both left and right sides were submitted.,GSB379,Hermosa Artificial Reef,2020-09-08T21:03:25Z,TRUE,TRUE,2,1,Non-Protected,Artificial,High,Los Angeles
2020,9,5,11:30,Hermosa Artificial Reef,33.853667,-118.413333,Both left and right sides were submitted.,GSB270,Hermosa Artificial Reef,2020-09-08T19:15:29Z,TRUE,TRUE,3,1,Non-Protected,Artificial,High,Los Angeles
2020,9,5,11:30,Hermosa Artificial Reef,33.853667,-118.413333,NA,GSB381,Hermosa Artificial Reef,2020-09-08T19:06:45Z,TRUE,FALSE,2,1,Non-Protected,Artificial,High,Los Angeles
2020,9,5,11:30,Hermosa Artificial Reef,33.853667,-118.413333,"Both sides were submitted as well as frame grabs from a GoPro.  . Three or four GSB were approximately the maximum within sight at one time.  No courting was observed on any of the submissions from 9/5/2020.  Again, fish were skittish and didn't hang around long.",GSB380,Hermosa Artificial Reef,2020-09-08T18:55:56Z,TRUE,TRUE,2,1,Non-Protected,Artificial,High,Los Angeles
2020,9,5,11:30,Hermosa Artificial Reef,33.853667,-118.413333,Both left and right sides were submitted.,GSB375,Hermosa Artificial Reef,2020-09-08T20:13:10Z,TRUE,FALSE,2,1,Non-Protected,Artificial,High,Los Angeles
2020,9,4,11:45,Anacapa Island - Cat Rock,34.004546,-119.398734,Additional images and video available if needed.,GSB382,Anacapa Island,2020-09-05T01:24:12Z,TRUE,TRUE,3,2,Unknown,Natural,Low,Northern Channel Islands
2020,9,4,9:2,Hermosa Artificial Reef,33.853667,-118.413333,"Because this one is at a poor angle for your pattern recognition program, I didn't submit it last year. But we thought you might be able to use it after all.",GSB274,Hermosa Artificial Reef,2020-09-04T22:12:23Z,TRUE,FALSE,5,1,Non-Protected,Artificial,High,Los Angeles
2020,9,4,12:0,"Cat Rock, Anacapa Island",34.004546,-119.398734,NA,GSB382,Anacapa Island,2020-12-30T17:47:49Z,TRUE,FALSE,3,2,Unknown,Natural,Low,Northern Channel Islands
2020,8,31,9:0,Hermosa Artificial Reef,33.853667,-118.413333,NA,GSB260,Hermosa Artificial Reef,2020-09-03T04:05:02Z,TRUE,FALSE,8,1,Non-Protected,Artificial,High,Los Angeles
2020,8,31,9:0,Hermosa Artificial Reef,33.853667,-118.413333,Left and right sides were submitted.,GSB375,Hermosa Artificial Reef,2020-09-01T18:17:47Z,TRUE,TRUE,2,1,Non-Protected,Artificial,High,Los Angeles
2020,8,31,9:0,Hermosa Artificial Reef,33.853667,-118.413333,NA,GSB274,Hermosa Artificial Reef,2020-09-03T04:18:07Z,TRUE,FALSE,5,1,Non-Protected,Artificial,High,Los Angeles
2020,8,31,9:0,Hermosa Artificial Reef,33.853667,-118.413333,NA,GSB379,Hermosa Artificial Reef,2020-09-03T04:10:06Z,TRUE,FALSE,2,1,Non-Protected,Artificial,High,Los Angeles
2020,8,31,9:0,Hermosa Artificial Reef,33.853667,-118.413333,"Both left and right sides of this fish were submitted.  Maximum number of fish sighted at one time was eight, circling above the site.",GSB279,Hermosa Artificial Reef,2020-09-03T03:46:23Z,TRUE,TRUE,3,1,Non-Protected,Artificial,High,Los Angeles
2020,8,31,9:0,Hermosa Artificial Reef,33.853667,-118.413333,This appears to be a repeat sighting of your GSB260.  Both sides were submitted.,GSB260,Hermosa Artificial Reef,2020-09-04T00:00:04Z,TRUE,TRUE,8,1,Non-Protected,Artificial,High,Los Angeles
2020,8,23,13:30,Cathedral cove Anacapa,34.0165,-119.3701,NA,GSB036,Anacapa Island- Cathedral Cove,2020-08-31T23:26:26Z,TRUE,FALSE,2,2,Protected,Natural,Low,Northern Channel Islands
2020,8,14,7:30,Sea grass area south of the Marine Room - La Jolla Shores,32.852914,-117.261952,NA,GSB400,La Jolla Shores,2020-11-13T18:25:13Z,TRUE,TRUE,2,2,Protected,Natural,Low,San Diego
2020,8,2,12:0,Casino point dive park,33.349055,-118.324805,NA,GSB223,Catalina Island- Casino Point,2020-08-08T15:31:16Z,TRUE,TRUE,2,1,Protected,Natural,High,Catalina Island
2020,6,26,12:45,"100 feet east of NOSC Tower, Off Mission Bay, San Diego",32.7726833,-117.2849444,"From the amount of pigment in the tail, I used the monthly GSB photos on my web site (mikecouffer.smugmug.com - Giant Sea Bass Growth Changes) to come up with an age of about 12 months. That matched Mr. Pierce's report of the estimated size of &quot;6-7 inches long&quot;. I checked the fish's spot pattern against all YOY fish photos submitted to me from La Jolla Shores last season and there were no matches. Look at the distinctive black spot shaped like a black slash on the left side of the fish. I've seen over 700 YOY fish but have never seen a black spot of that shape before! A distinctive and probably permanent mark!",GSB405,San Diego Kelp,2020-06-27T00:00:00Z,TRUE,TRUE,2,2,Unknown,Natural,Low,San Diego
2020,6,26,13:0,NOSC TOWER,32.78616498674495,-117.2853328,Encounter him roughly 150-200ft east of NOSC Tower dive site,GSB405,San Diego- HMCS Yukon,2020-06-26T00:00:00Z,TRUE,FALSE,2,2,Non-Protected,Artificial,Low,San Diego
2020,6,7,16:30,Catalina island,33.349055,-118.324805,NA,GSB362,Catalina Island- Casino Point,2020-06-08T00:00:00Z,TRUE,TRUE,3,1,Protected,Natural,High,Catalina Island
2020,6,6,NA,Catalina island,33.349055,-118.324805,NA,GSB362,Catalina Island- Casino Point,2020-06-08T00:00:00Z,FALSE,TRUE,3,1,Protected,Natural,High,Catalina Island
2020,6,6,10:14,Catalina Island - Avalon Dive Park,33.349055,-118.324805,3 other GSB in the area,GSB362,Catalina Island- Casino Point,2020-06-12T00:00:00Z,TRUE,FALSE,3,1,Protected,Natural,High,Catalina Island
2020,6,6,11:38,Catalina Island - Avalon Dive Park,33.349055,-118.324805,4 other GSB sighted in the area,GSB154,Catalina Island- Casino Point,2020-06-12T00:00:00Z,TRUE,FALSE,2,1,Protected,Natural,High,Catalina Island
2020,6,4,14:30,Catalina Island - Avalon Dive Park,33.349055,-118.324805,3 other sea bass seen on this dive,GSB178,Catalina Island- Casino Point,2020-06-06T00:00:00Z,TRUE,FALSE,6,1,Protected,Natural,High,Catalina Island
2020,5,26,11:38,Catalina Island - Avalon Dive Park,33.349055,-118.324805,NA,GSB360,Catalina Island- Casino Point,2020-05-28T00:00:00Z,TRUE,FALSE,2,1,Protected,Natural,High,Catalina Island
2020,5,26,11:40,Catalina Island - Avalon Dive Park,33.349055,-118.324805,there were a total of 4 sea bass within sight during this encounter.,GSB163,Catalina Island- Casino Point,2020-05-28T00:00:00Z,TRUE,FALSE,8,1,Protected,Natural,High,Catalina Island
2020,5,26,13:0,Catalina Island- Casino Point,33.349055,-118.324805,NA,GSB358,Catalina Island- Casino Point,2020-05-27T00:00:00Z,TRUE,FALSE,3,1,Protected,Natural,High,Catalina Island
2020,5,26,13:0,Catalina island,33.349055,-118.324805,NA,GSB163,Catalina Island- Casino Point,2020-05-27T00:00:00Z,TRUE,TRUE,8,1,Protected,Natural,High,Catalina Island
2020,5,25,NA,Catalina Island,33.349055,-118.324805,"For the pictures with two fish, the fish on the left is the one that I got shots of both sides",GSB363,Catalina Island- Casino Point,2020-05-29T00:00:00Z,TRUE,TRUE,2,1,Protected,Natural,High,Catalina Island
2020,5,25,15:30,Catalina island,33.349055,-118.324805,NA,GSB363,Catalina Island- Casino Point,2020-05-26T00:00:00Z,TRUE,TRUE,2,1,Protected,Natural,High,Catalina Island
2020,5,23,14:30,Casino Point Dive Park,33.349055,-118.324805,Saw about a total of 4 GBSB. Saw two on my first dive and two on my last dive.,GSB365,Catalina Island- Casino Point,2020-05-29T00:00:00Z,TRUE,FALSE,2,1,Protected,Natural,High,Catalina Island
2020,5,15,16:8,Catalina Island - Avalon Dive Park,33.349055,-118.324805,the other side of Lippy. I've accidentally submitted some photos today with the wrong date. All of my submissions on 5/16 are from 5/15. Sorry about the confusion.,GSB365,Catalina Island- Casino Point,2020-05-16T00:00:00Z,TRUE,FALSE,2,1,Protected,Natural,High,Catalina Island
2020,5,14,15:38,Catalina Island - Avalon Dive Park,33.349055,-118.324805,2 other GSB around,GSB358,Catalina Island- Casino Point,2020-05-15T00:00:00Z,TRUE,FALSE,3,1,Protected,Natural,High,Catalina Island
2020,5,13,15:45,Catalina Island - Avalon Dive Park,33.349055,-118.324805,Only two GSB on this dive. No activity witnessed other than cleaning by Oxyjulis californica. I have the other side of the last focused on GSB that I'll submit next and I have another video of the first focused on GSB I'll submit after that one. Hope that wasn't too confusing haha.,GSB358,Catalina Island- Casino Point,2020-05-14T00:00:00Z,TRUE,FALSE,3,1,Protected,Natural,High,Catalina Island
2020,5,9,10:30,Catalina Island - Avalon Dive Park,33.349055,-118.324805,NA,GSB232,Catalina Island- Casino Point,2020-05-13T00:00:00Z,TRUE,FALSE,4,1,Protected,Natural,High,Catalina Island
2020,3,9,9:35,Hermosa Beach Artificial Reef,33.853667,-118.413333,Only two fish today in very poor visibility,GSB353,Hermosa Artificial Reef,2020-03-10T00:00:00Z,TRUE,TRUE,4,1,Non-Protected,Artificial,High,Los Angeles
2020,1,15,13:20,Hermosa Artificial Reef,33.853667,-118.413333,NA,GSB288,Hermosa Artificial Reef,2020-01-20T00:00:00Z,TRUE,FALSE,8,1,Non-Protected,Artificial,High,Los Angeles
2020,1,15,13:17,Hermosa Artificial Reef,33.853667,-118.413333,4 GSB were sighted at one time.  . Both left and right sides of the fish were submitted.  . Vis was terrible and there was a pack of marauding sea lions diving around us repeatedly.  GSB didn't want to hang around like usual.,GSB288,Hermosa Artificial Reef,2020-01-20T00:00:00Z,TRUE,TRUE,8,1,Non-Protected,Artificial,High,Los Angeles
2020,1,15,13:57,Hermosa Artificial Reef,33.853667,-118.413333,Both left and right sides of the fish were submitted.,GSB319,Hermosa Artificial Reef,2020-01-20T00:00:00Z,TRUE,TRUE,3,1,Non-Protected,Artificial,High,Los Angeles
2019,12,29,9:16,Hermosa Artificial Reef,33.853667,-118.413333,NA,HERART028,Hermosa Artificial Reef,2020-01-19T00:00:00Z,TRUE,FALSE,3,1,Non-Protected,Artificial,High,Los Angeles
2019,12,29,9:41,Hermosa Artificial Reef,33.853667,-118.413333,Left and right sides were sumbitted.,GSB286,Hermosa Artificial Reef,2020-01-16T00:00:00Z,TRUE,TRUE,2,1,Non-Protected,Artificial,High,Los Angeles
2019,12,29,9:38,Hermosa Artificial Reef,33.853667,-118.413333,"7 sighted at one time. This one was sighted previously in November, 2019.  Your ID is GSB 270.",GSB270,Hermosa Artificial Reef,2020-01-16T00:00:00Z,TRUE,FALSE,3,1,Non-Protected,Artificial,High,Los Angeles
2019,12,29,9:55,Hermosa Artificial Reef,33.853667,-118.413333,This is an additional GSB 232 at a better angle.,GSB303,Hermosa Artificial Reef,2020-01-17T00:00:00Z,TRUE,FALSE,2,1,Non-Protected,Artificial,High,Los Angeles
2019,12,29,10:8,Hermosa Artificial Reef,33.853667,-118.413333,NA,GSB291,Hermosa Artificial Reef,2020-01-17T00:00:00Z,FALSE,FALSE,3,1,Non-Protected,Artificial,High,Los Angeles
2019,12,29,9:20,Hermosa Artificial Reef,33.853667,-118.413333,7 were sighted at one time.,GSB260,Hermosa Artificial Reef,2020-01-19T00:00:00Z,TRUE,FALSE,8,1,Non-Protected,Artificial,High,Los Angeles
2019,12,29,10:10,Hermosa Artificial Reef,33.853667,-118.413333,Left and right sides were submitted.,GSB340,Hermosa Artificial Reef,2020-01-17T00:00:00Z,TRUE,TRUE,2,1,Non-Protected,Artificial,High,Los Angeles
2019,12,29,9:32,Hermosa Artificial Reef,33.853667,-118.413333,NA,GSB310,Hermosa Artificial Reef,2020-01-19T00:00:00Z,TRUE,FALSE,3,1,Non-Protected,Artificial,High,Los Angeles
2019,12,29,9:53,Hermosa Artificial Reef,33.853667,-118.413333,I'm re-submitting these 2 images of GSB 232 with the correct date. 7 GSB seen at one time.,GSB303,Hermosa Artificial Reef,2020-01-17T00:00:00Z,TRUE,FALSE,2,1,Non-Protected,Artificial,High,Los Angeles
2019,12,29,9:26,Hermosa Artificial Reef,33.853667,-118.413333,NA,GSB340,Hermosa Artificial Reef,2020-01-19T00:00:00Z,TRUE,FALSE,2,1,Non-Protected,Artificial,High,Los Angeles
2019,12,29,10:21,Hermosa Artificial Reef,33.853667,-118.413333,Both left and right sides were submitted.,GSB288,Hermosa Artificial Reef,2020-01-17T00:00:00Z,TRUE,TRUE,8,1,Non-Protected,Artificial,High,Los Angeles
2019,12,29,10:4,Hermosa Artificial Reef,33.853667,-118.413333,Both left and right sides were submitted.,HERART025,Hermosa Artificial Reef,2020-01-17T00:00:00Z,TRUE,FALSE,5,1,Non-Protected,Artificial,High,Los Angeles
2019,12,29,10:9,Hermosa Artificial Reef,33.853667,-118.413333,Left and right sides were submitted.,HERART025,Hermosa Artificial Reef,2020-01-17T00:00:00Z,FALSE,FALSE,5,1,Non-Protected,Artificial,High,Los Angeles
2019,12,29,9:39,Hermosa Artificial Reef,33.853667,-118.413333,7 GSB were sighted at one time.,GSB349,Hermosa Artificial Reef,2020-01-16T00:00:00Z,TRUE,FALSE,2,1,Non-Protected,Artificial,High,Los Angeles
2019,12,29,9:54,Hermosa Artificial Reef,33.853667,-118.413333,NA,GSB321,Hermosa Artificial Reef,2020-01-19T00:00:00Z,TRUE,FALSE,2,1,Non-Protected,Artificial,High,Los Angeles
2019,12,29,9:25,Hermosa Artificial Reef,33.853667,-118.413333,NA,GSB271,Hermosa Artificial Reef,2020-01-19T00:00:00Z,TRUE,FALSE,2,1,Non-Protected,Artificial,High,Los Angeles
2019,12,29,9:44,Hermosa Artificial Reef,33.853667,-118.413333,7 GSB were sighted at one time.,GSB278,Hermosa Artificial Reef,2020-01-17T00:00:00Z,TRUE,FALSE,4,1,Non-Protected,Artificial,High,Los Angeles
2019,12,29,10:16,Hermosa Artificial Reef,33.853667,-118.413333,NA,HERART027,Hermosa Artificial Reef,2020-01-17T00:00:00Z,TRUE,FALSE,2,1,Non-Protected,Artificial,High,Los Angeles
2019,11,19,10:49,Hermosa Artificial Reef,33.853667,-118.413333,Left and right sides were submitted.We're resubmitting this encounter (left and right sides) because the original submission may have exceeded the file size.,GSB281,Hermosa Artificial Reef,2019-11-28T00:00:00Z,TRUE,FALSE,3,1,Non-Protected,Artificial,High,Los Angeles
2019,11,19,9:55,Hermosa Artificial Reef,33.853667,-118.413333,Four GSB was the maximum number sighted at one time during this encounter.,GSB334,Hermosa Artificial Reef,2020-02-06T00:00:00Z,TRUE,FALSE,2,1,Non-Protected,Artificial,High,Los Angeles
2019,11,19,10:49,Hermosa Artificial Reef,33.853667,-118.413333,Left and right sides were submitted.,GSB281,Hermosa Artificial Reef,2019-11-28T00:00:00Z,TRUE,FALSE,3,1,Non-Protected,Artificial,High,Los Angeles
2019,11,19,9:55,Hermosa Artificial Reef,33.853667,-118.413333,NA,GSB281,Hermosa Artificial Reef,2019-11-28T00:00:00Z,TRUE,FALSE,3,1,Non-Protected,Artificial,High,Los Angeles
2019,11,19,10:30,Hermosa Artificial Reef,33.853667,-118.413333,NA,GSB278,Hermosa Artificial Reef,2019-11-28T00:00:00Z,TRUE,FALSE,4,1,Non-Protected,Artificial,High,Los Angeles
2019,11,19,10:11,Hermosa Artificial Reef,33.853667,-118.413333,NA,GSB270,Hermosa Artificial Reef,2019-11-28T00:00:00Z,TRUE,TRUE,3,1,Non-Protected,Artificial,High,Los Angeles
2019,11,19,10:24,Hermosa Artificial Reef,33.853667,-118.413333,Here's &quot;Herb&quot; HERART023 again!,HERART023,Hermosa Artificial Reef,2019-11-29T00:00:00Z,FALSE,TRUE,3,1,Non-Protected,Artificial,High,Los Angeles
2019,11,19,10:3,Hermosa Artificial Reef,33.853667,-118.413333,This is the second encounter for this fish.  Left and right sides were uploaded.  . Four GSB were the maximum number within sight.,GSB278,Hermosa Artificial Reef,2019-11-28T00:00:00Z,FALSE,FALSE,4,1,Non-Protected,Artificial,High,Los Angeles
2019,11,17,14:0,Bird Rock,33.45199323008939,-118.48751,"This is the first Giant Sea Bass I ever saw!!  I was SOOO EXCITED!!!. . I saw this Giant Sea Bass and it was very curious.  It came and left us 3 times over about a 17 minute time frame (from the first picture to the last). All these pictures and videos are of the same fish.  Floor depth was 51 feet but average depth of sighting was 30-40 feet.. . I have a 33 second video (probably the best one I took that day of this fish) that is too big to upload here.  Here is a link to the video and also a link where I uploaded to YouTube.  . . https://drive.google.com/open?id=1FVB7KQ0WYBG6mDwNt0r2txiCQi2BX4U6. . https://youtu.be/OAlkPD9flvM. . . Additionally, the videos I shared here I also uploaded to Youtube and are shot in 4K resolution, so you may get better quality there.  I am NOT trying to boost my Youtube views, just trying to help.  I hope you can use them. . .  https://www.youtube.com/channel/UC-tZTKg7fx-UWoC06R1WRcg/videos",GSB136,Catalina Island,2019-11-21T00:00:00Z,TRUE,TRUE,6,4,Unknown,Natural,Medium,Catalina Island
2019,11,4,NA,Hermosa Artificial Reef,33.853667,-118.413333,Left and right side submitted. I saw six at one time. I photographed nineteen overall. Sizes ranged from 36 inches to 72 inches. I followed three over the sand where they were being cleaned by small Calico bass. Others rubbed the top of their heads against a Corynactic covered piling.,GSB260,Hermosa Artificial Reef,2020-01-10T00:00:00Z,TRUE,TRUE,8,1,Non-Protected,Artificial,High,Los Angeles
2019,11,4,NA,Hermosa Artificial Reef,33.853667,-118.413333,Left and right sides submitted. . I saw six at one time. I photographed nineteen overall. Sizes ranged from 36 inches to 72 inches. I followed three over the sand where they were being cleaned by small Calico bass. Others rubbed the top of their heads against a Corynactic covered piling.,HERART006,Hermosa Artificial Reef,2020-01-10T00:00:00Z,TRUE,TRUE,4,1,Non-Protected,Artificial,High,Los Angeles
2019,11,4,NA,Hermosa Artificial Reef,33.853667,-118.413333,Left and right sides submitted. . I saw six at one time. I photographed nineteen overall. Sizes ranged from 36 inches to 72 inches. I followed three over the sand where they were being cleaned by small Calico bass. Others rubbed the top of their heads against a Corynactic covered piling.,GSB288,Hermosa Artificial Reef,2020-01-10T00:00:00Z,FALSE,TRUE,8,1,Non-Protected,Artificial,High,Los Angeles
2019,11,4,NA,Hermosa Artificial Reef,33.853667,-118.413333,"Left and right sides submitted, in image with two fish this encounter for the one on the left. . I saw six at one time. I photographed nineteen overall. Sizes ranged from 36 inches to 72 inches. I followed three over the sand where they were being cleaned by small Calico bass. Others rubbed the top of their heads against a Corynactic covered piling.",GSB278,Hermosa Artificial Reef,2020-01-10T00:00:00Z,TRUE,TRUE,4,1,Non-Protected,Artificial,High,Los Angeles
2019,11,4,NA,Hermosa Artificial Reef,33.853667,-118.413333,I saw six at one time. I photographed nineteen overall. Sizes ranged from 36 inches to 72 inches. I followed three over the sand where they were being cleaned by small Calico bass. Others rubbed the top of their heads against a Corynactic covered piling.,GSB337,Hermosa Artificial Reef,2020-02-06T00:00:00Z,TRUE,FALSE,2,1,Non-Protected,Artificial,High,Los Angeles
2019,11,4,NA,Hermosa Artificial Reef,33.853667,-118.413333,Right and left sides submitted. I saw six at one time. I photographed nineteen overall. Sizes ranged from 36 inches to 72 inches. I followed three over the sand where they were being cleaned by small Calico bass. Others rubbed the top of their heads against a Corynactic covered piling.,HERART028,Hermosa Artificial Reef,2020-01-10T00:00:00Z,TRUE,TRUE,3,1,Non-Protected,Artificial,High,Los Angeles
2019,10,29,1:55,"Catalina Island, CA",33.349055,-118.324805,NA,GSB584,Catalina Island- Casino Point,2022-11-06T03:33:22Z,TRUE,FALSE,2,1,Protected,Natural,High,Catalina Island
2019,10,21,9:30,Redondo Beach- Veteran's Park,33.837588,-118.39662,NA,GSB330,Redondo Beach,2019-10-22T00:00:00Z,TRUE,FALSE,2,1,Non-Protected,Natural,High,Los Angeles
2019,10,20,11:0,Catalina Island Casino Dive Park,33.349055,-118.324805,Curious about what it is doing.,GSB043,Catalina Island- Casino Point,2019-11-03T00:00:00Z,TRUE,FALSE,4,2,Protected,Natural,Low,Catalina Island
2019,10,20,11:0,Catalina Island Casino Dive Park,33.3879,-118.4163,NA,GSB201,Catalina Island,2019-11-03T00:00:00Z,TRUE,FALSE,3,2,Unknown,Natural,Low,Catalina Island
2019,10,20,11:0,Catalina Island Casino Dive Park,33.3879,-118.4163,NA,GSB190,Catalina Island,2019-11-03T00:00:00Z,TRUE,FALSE,3,3,Unknown,Natural,Low,Catalina Island
2019,10,20,11:0,Catalina Island Casino Dive Park,33.349055,-118.324805,NA,GSB201,Catalina Island- Casino Point,2019-11-03T00:00:00Z,TRUE,FALSE,3,2,Protected,Natural,Low,Catalina Island
2019,10,20,11:0,Catalina Island Casino Dive Park,33.349055,-118.324805,NA,GSB232,Catalina Island- Casino Point,2019-11-03T00:00:00Z,TRUE,FALSE,4,1,Protected,Natural,High,Catalina Island
2019,10,20,11:0,Catalina Island Casino Dive Park,33.349055,-118.324805,NA,GSB232,Catalina Island- Casino Point,2019-11-03T00:00:00Z,TRUE,FALSE,4,1,Protected,Natural,High,Catalina Island
2019,10,17,7:0,"Near Redondo Pier, Veteran's Park, Redondo Beach, California",33.838183,-118.39662,"This YOY of GSB is the same individual as the YOY of GSB filmed by Vladimir Dontson on 21 October 2019 when it was located &quot;at 65 feet between the big stairs and the little stairs below the library&quot; at Veteran's Park. Note that Khrystyna's still photos from four days before Vladimir shot his video show scrapes from what was certainly a failed predation attempt that were visibly healed by the time Vladimir shot his video. Michael Couffer was not present during either sighting, but collected sighting reports and images from both observers.",GSB330,Redondo Beach,2019-10-29T00:00:00Z,TRUE,TRUE,2,1,Non-Protected,Natural,High,Los Angeles
2019,10,14,8:58,Hermosa Artificial Reef,33.853667,-118.413333,7 GSB sighted at one time.. Both left and right sides of this encounter were submitted.,GSB256,Hermosa Artificial Reef,2019-10-19T00:00:00Z,TRUE,TRUE,3,1,Non-Protected,Artificial,High,Los Angeles
2019,10,14,8:33,Hermosa Artificial Reef,33.853667,-118.413333,7,GSB254,Hermosa Artificial Reef,2019-10-19T00:00:00Z,TRUE,FALSE,3,1,Non-Protected,Artificial,High,Los Angeles
2019,10,14,10:29,Hermosa Artificial Reef,33.853667,-118.413333,I submitted 2 shots of the same fish in sequence so you can pick the best angle for analysis.,GSB271,Hermosa Artificial Reef,2019-10-19T00:00:00Z,TRUE,FALSE,2,1,Non-Protected,Artificial,High,Los Angeles
2019,10,12,11:10,Southeast Kelp at Santa Barbara Island,33.467778,-119.0263639,This single GSB was the subject of the photos on 2 separate dives on the morning of 10/12/2019. I first observed it at 8:52 am for 17 minutes. On the 2nd dive I photographed it between 10:58 am and 11:22 am. No other GSBs were seen in the area by any of our divers to my knowledge. The subject fish was circulating among many of our 25 divers over a large area and cooperated for many photos. Visibility was between 25-40' and darkish during both dives.,GSB267,Santa Barbara Island,2019-10-23T00:00:00Z,FALSE,TRUE,2,1,Unknown,Natural,High,Northern Channel Islands
2019,10,8,8:55,Hermosa Artificial Reef,33.853667,-118.413333,4 seen at once,GSB254,Hermosa Artificial Reef,2020-01-10T00:00:00Z,TRUE,FALSE,3,1,Non-Protected,Artificial,High,Los Angeles
2019,10,8,8:49,Hermosa Artificial Reef,33.853667,-118.413333,NA,GSB260,Hermosa Artificial Reef,2020-02-06T00:00:00Z,TRUE,TRUE,8,1,Non-Protected,Artificial,High,Los Angeles
2019,10,8,9:35,Hermosa Artificial Reef,33.853667,-118.413333,"Both left and right sides were submitted.. You have already assigned this fish a number, Wildbook GSB 259.  Thought you might want to know that it's still hanging out in the same spot.",GSB259,Hermosa Artificial Reef,2019-10-16T00:00:00Z,TRUE,TRUE,5,1,Non-Protected,Artificial,High,Los Angeles
2019,10,8,9:0,Hermosa Artificial Reef,33.853667,-118.413333,Both left and right sides of the fish were submitted.,GSB256,Hermosa Artificial Reef,2019-10-16T00:00:00Z,TRUE,TRUE,3,1,Non-Protected,Artificial,High,Los Angeles
2019,10,8,8:57,Hermosa Artificial Reef,33.853667,-118.413333,Both left and right sides of the fish were submitted.,GSB291,Hermosa Artificial Reef,2019-10-16T00:00:00Z,TRUE,TRUE,3,1,Non-Protected,Artificial,High,Los Angeles
2019,10,8,9:22,Hermosa Artificial Reef,33.853667,-118.413333,NA,GSB274,Hermosa Artificial Reef,2019-11-29T00:00:00Z,TRUE,FALSE,5,1,Non-Protected,Artificial,High,Los Angeles
2019,10,6,NA,Hermosa Artificial Reef,33.853667,-118.413333,"Left and right sides submitted. Really poor visibility today, so the fish weren't cooperative. I saw six or seven fish but could only photograph three.",GSB288,Hermosa Artificial Reef,2020-01-10T00:00:00Z,TRUE,TRUE,8,1,Non-Protected,Artificial,High,Los Angeles
2019,9,26,8:41,Hermosa Artificial Reef,33.853667,-118.413333,"This is Herb, HERART023, which we also encountered (at Spongehenge) on 9-13-2019.  Since you're interested in what fish take part in this seasonal aggregation, I thought you would like to know that Herb reappeared at the same courting spot 2 weeks later.",HERART023,Hermosa Artificial Reef,2019-09-29T00:00:00Z,TRUE,TRUE,3,1,Non-Protected,Artificial,High,Los Angeles
2019,9,26,8:43,Hermosa Artificial Reef,33.853667,-118.413333,6 observed,GSB274,Hermosa Artificial Reef,2020-01-10T00:00:00Z,TRUE,FALSE,5,1,Non-Protected,Artificial,High,Los Angeles
2019,9,26,NA,Hermosa Artificial Reef,33.853667,-118.413333,"Sorry, I accidentally uploaded an additional shot of the same fish, GSB 156.  . Here, both the left and right sides of the fish were submitted.  L or R is designated in the file name.",GSB259,Hermosa Artificial Reef,2019-09-29T00:00:00Z,TRUE,TRUE,5,1,Non-Protected,Artificial,High,Los Angeles
2019,9,26,8:43,Hermosa Artificial Reef,33.853667,-118.413333,"We have submitted this fish before.  We discovered that our GSB 164 is the same fish as our GSB 148.  And it turns out that GSB 149 is the left side of 148.  We sorted this out quite some time ago, but I forgot to let you know.5 fish observed at once on this dive.",GSB288,Hermosa Artificial Reef,2020-01-24T00:00:00Z,TRUE,TRUE,8,1,Non-Protected,Artificial,High,Los Angeles
2019,9,26,8:50,Hermosa Artificial Reef,33.853667,-118.413333,Both the left and right sides of the fish were submitted.  L or R is designated in the file name.,GSB291,Hermosa Artificial Reef,2019-09-29T00:00:00Z,FALSE,TRUE,3,1,Non-Protected,Artificial,High,Los Angeles
2019,9,26,8:43,Hermosa Artificial Reef,33.853667,-118.413333,6 observed,GSB283,Hermosa Artificial Reef,2020-01-10T00:00:00Z,TRUE,FALSE,2,1,Non-Protected,Artificial,High,Los Angeles
2019,9,25,8:3,Hermosa Artificial Reef,33.853667,-118.413333,"Both of the images are from the same individual.  The right side of the fish may be at too much of an angle for the program to read, but I included it because it's so hard to get both sides.",GSB321,Hermosa Artificial Reef,2019-09-26T00:00:00Z,TRUE,TRUE,2,1,Non-Protected,Artificial,High,Los Angeles
2019,9,25,8:6,Hermosa Artificial Reef,33.853667,-118.413333,NA,GSB259,Hermosa Artificial Reef,2019-09-26T00:00:00Z,TRUE,FALSE,5,1,Non-Protected,Artificial,High,Los Angeles
2019,9,22,NA,Santa Barbara Island,33.46684058269548,-119.0284075,NA,GSB264,Santa Barbara Island,2019-09-24T00:00:00Z,FALSE,FALSE,2,1,Unknown,Natural,High,Northern Channel Islands
2019,9,14,NA,Anacapa Island- The Wheel,34.0176861,-119.3632557,Possible Courting Behavior... smaller one following closely and rubbing the larger one.,GSB359,Anacapa Island- Northeast Side,2020-07-21T02:59:09Z,TRUE,FALSE,3,3,Protected,Natural,Low,Northern Channel Islands
2019,9,13,8:3,Hermosa Artificial Reef,33.853667,-118.413333,Two images were uploaded.  Both sides are from the same individual; left and right sides are indicated in the file names.,HERART023,Hermosa Artificial Reef,2019-09-20T00:00:00Z,TRUE,TRUE,3,1,Non-Protected,Artificial,High,Los Angeles
2019,9,13,7:53,Hermosa Artificial Reef,33.853667,-118.413333,4 - 5 (poor vis),GSB286,Hermosa Artificial Reef,2019-09-26T00:00:00Z,TRUE,FALSE,2,1,Non-Protected,Artificial,High,Los Angeles
2019,9,13,7:57,Hermosa Artificial Reef,33.853667,-118.413333,Two images were uploaded.  Both sides are from the same individual; left and right sides are indicated in the file name.,GSB349,Hermosa Artificial Reef,2019-09-20T00:00:00Z,TRUE,TRUE,2,1,Non-Protected,Artificial,High,Los Angeles
2019,9,13,8:25,Hermosa Artificial Reef,33.853667,-118.413333,4 - 5 (poor vis),GSB287,Hermosa Artificial Reef,2019-09-22T00:00:00Z,TRUE,FALSE,3,1,Non-Protected,Artificial,High,Los Angeles
2019,9,13,8:18,Hermosa Artificial Reef,33.853667,-118.413333,Two images were uploaded.  Both sides are from the same individual; left and right sides are indicated in the file names.,GSB259,Hermosa Artificial Reef,2019-09-20T00:00:00Z,TRUE,TRUE,5,1,Non-Protected,Artificial,High,Los Angeles
2019,9,13,8:21,Hermosa Artificial Reef,33.853667,-118.413333,Two images were uploaded.  Both sides are from the same individual; left and right sides are indicated in the file names.,GSB287,Hermosa Artificial Reef,2019-09-20T00:00:00Z,TRUE,TRUE,3,1,Non-Protected,Artificial,High,Los Angeles
2019,9,13,7:53,Hermosa Artificial Reef,33.853667,-118.413333,4 - 5 (poor vis),GSB279,Hermosa Artificial Reef,2019-09-26T00:00:00Z,TRUE,FALSE,3,1,Non-Protected,Artificial,High,Los Angeles
2019,9,5,8:43,Hermosa Artificial Reef,33.853667,-118.413333,At least 10 in the water column.,HERART014,Hermosa Artificial Reef,2019-09-11T00:00:00Z,TRUE,FALSE,5,1,Non-Protected,Artificial,High,Los Angeles
2019,9,5,NA,Hermosa Beach Artificial Reef,33.853667,-118.413333,I counted 13 at one time but there were likely a lot more. Visibility was about twenty feet but green and dark. The fish would not cooperate by showing both sides. Lousy fish!,GSB334,Hermosa Artificial Reef,2019-09-06T00:00:00Z,TRUE,FALSE,2,1,Non-Protected,Artificial,High,Los Angeles
2019,9,5,9:16,Hermosa Artificial Reef,33.853667,-118.413333,"Three different individuals are submitted from an encounter on Sept. 5, 2019.  I found these in a folder marked &quot;questionable&quot;, and hadn't been given our GSB number.   Perhaps I wasn't sure if the patterns were sufficient for ID.  Apologies if they were already submitted!",GSB287,Hermosa Artificial Reef,2020-12-08T16:21:12Z,TRUE,FALSE,3,1,Non-Protected,Artificial,High,Los Angeles
2019,9,5,NA,Hermosa Beach Artificial Reef,33.853667,-118.413333,I counted 13 at one time but there were likely a lot more. Visibility was about twenty feet but green and dark. The fish would not cooperate by showing both sides. Lousy fish!,GSB256,Hermosa Artificial Reef,2019-09-06T00:00:00Z,TRUE,FALSE,3,1,Non-Protected,Artificial,High,Los Angeles
2019,9,5,9:3,Hermosa Artificial Reef,33.853667,-118.413333,"Another fish that slipped through the cracks from Sept. 5, 2019.  I believe this is your GSB260.  I am submitting it because the others we submitted in 2019 only ranged from October thru December.  Thought this would give you a Sept. data point.  It was also encountered a couple of times in 2020, which you have.",GSB260,Hermosa Artificial Reef,2020-12-08T16:37:41Z,TRUE,FALSE,8,1,Non-Protected,Artificial,High,Los Angeles
2019,9,5,NA,Hermosa Beach Artificial Reef,33.853667,-118.413333,I counted 13 at one time but there were likely a lot more. Visibility was about twenty feet but green and dark. The fish would not cooperate by showing both sides. Lousy fish!,GSB254,Hermosa Artificial Reef,2019-09-06T00:00:00Z,TRUE,FALSE,3,1,Non-Protected,Artificial,High,Los Angeles
2019,9,5,NA,Hermosa Beach Artificial Reef,33.853667,-118.413333,I counted 13 at one time but there were likely a lot more. Visibility was about twenty feet but green and dark. The fish would not cooperate by showing both sides. Lousy fish!,GSB259,Hermosa Artificial Reef,2019-09-06T00:00:00Z,TRUE,FALSE,5,1,Non-Protected,Artificial,High,Los Angeles
2019,8,31,NA,Catalina Island- Casino Point,33.349055,-118.324805,NA,GSB163,Catalina Island- Casino Point,2019-09-02T00:00:00Z,TRUE,FALSE,8,1,Protected,Natural,High,Catalina Island
2019,8,30,9:0,Casino Point Dive Park,33.349055,-118.324805,NA,GSB227,Catalina Island- Casino Point,2019-09-29T00:00:00Z,TRUE,FALSE,3,1,Protected,Natural,High,Catalina Island
2019,8,30,9:0,Casino Point Dive Park,33.349055,-118.324805,There were 4 or 5 of them,GSB201,Catalina Island- Casino Point,2019-09-29T00:00:00Z,TRUE,FALSE,3,2,Protected,Natural,Low,Catalina Island
2019,8,18,NA,East side of Sutil Island at Santa Barbara Island,33.46385367273861,-119.0459791,I believe just one Giant Sea Bass that approached us several times during our 40 minute dive.,GSB264,Santa Barbara Island,2019-08-20T00:00:00Z,TRUE,FALSE,2,1,Unknown,Natural,High,Northern Channel Islands
2019,8,15,9:0,Catalina Island,33.349055,-118.324805,NA,GSB250,Catalina Island- Casino Point,2019-08-16T00:00:00Z,TRUE,FALSE,2,1,Protected,Natural,High,Catalina Island
2019,8,10,NA,"Casino Point, Avalon Catalina",33.349055,-118.324805,I saw two swimming together that day. I was only able to capture a photo of one individual.,GSB250,Catalina Island- Casino Point,2020-04-25T00:00:00Z,TRUE,FALSE,2,1,Protected,Natural,High,Catalina Island
2019,8,7,NA,"Landing Cove, Anacapa Island",34.016842,-119.36189,NA,GSB266,Anacapa Island- Landing Cove,2019-09-27T00:00:00Z,TRUE,FALSE,2,2,Protected,Natural,Low,Northern Channel Islands
2019,8,4,14:0,Anacapa Island- Cathedral Cove,34.0165,-119.3701,NA,GSB187,Anacapa Island- Cathedral Cove,2019-08-05T00:00:00Z,TRUE,FALSE,5,4,Protected,Natural,Medium,Northern Channel Islands
2019,6,14,10:53,Anacapa Island - Canyons,34.01060126121995,-119.3714324,NA,GSB359,Anacapa Island- Canyons,2020-04-17T00:00:00Z,TRUE,FALSE,3,3,Non-Protected,Natural,Low,Northern Channel Islands
2019,5,12,12:6,"Anacapa Island, (dive site: Winfield Scott, sand-adjacent reef)",34.00900104,-119.3868275,"Single individual spotted, cruising steadily, estimated 4' in length. Sorry for the poor photo quality, barely had time to snap one before it swam out of view! Hope it can be helpful anyway.",GSB266,Anacapa Island- Winfield Scott Wreck,2019-05-16T00:00:00Z,TRUE,FALSE,2,2,Protected,Artificial,Low,Northern Channel Islands
2019,4,19,NA,Catalina Island- Casino Point,33.349055,-118.324805,NA,GSB232,Catalina Island- Casino Point,2019-04-19T00:00:00Z,TRUE,TRUE,4,1,Protected,Natural,High,Catalina Island
2019,3,30,13:50,"Yellow Banks, Santa Cruz Island",34.00761756,-119.5458957,NA,GSB265,Santa Cruz Island- Yellow Banks,2019-03-31T00:00:00Z,FALSE,TRUE,2,1,Non-Protected,Natural,High,Northern Channel Islands
2019,3,30,NA,"Yellow Banks, Santa Cruz Island",34.00761756,-119.5458957,NA,GSB265,Santa Cruz Island- Yellow Banks,2019-04-01T00:00:00Z,TRUE,TRUE,2,1,Non-Protected,Natural,High,Northern Channel Islands
2019,3,30,NA,NA,33.349055,-118.324805,"There were 5 fish hanging out in the same area.  I was able to swim from one to the next and get fairly close.  At one point, there were 3 sea bass in one area.</br></br>https://www.youtube.com/watch?v=gqweFIAV1kE",GSB227,Catalina Island- Casino Point,2019-04-04T00:00:00Z,TRUE,FALSE,3,1,Protected,Natural,High,Catalina Island
2018,10,27,NA,Casino Point,33.349055,-118.324805,NA,GSB178,Catalina Island- Casino Point,2018-10-29T00:00:00Z,TRUE,FALSE,6,1,Protected,Natural,High,Catalina Island
2018,10,21,9:21,Catalina Island - Avalon Dive Park,33.349055,-118.324805,NA,GSB163,Catalina Island- Casino Point,2020-05-06T00:00:00Z,TRUE,FALSE,8,1,Protected,Natural,High,Catalina Island
2018,10,7,9:15,"Casino Point - Avalon, Catalina",33.349055,-118.324805,NA,GSB163,Catalina Island- Casino Point,2018-10-15T00:00:00Z,TRUE,FALSE,8,1,Protected,Natural,High,Catalina Island
2018,10,6,11:30,"Casino Point - Avalon, Catalina",33.349055,-118.324805,These were taken by my sister Kara Stephens (that's my husband Mark in the background) during dive #2 on Saturday Oct. 6.,GSB204,Catalina Island- Casino Point,2018-10-15T00:00:00Z,TRUE,FALSE,2,1,Protected,Natural,High,Catalina Island
2018,10,6,10:15,"Casino Point - Avalon, Catalina",33.349055,-118.324805,I keep putting 50 ft for the depth - the fish were somewhere in the 45 - 60 foot range so I'm estimating.,GSB178,Catalina Island- Casino Point,2018-10-15T00:00:00Z,TRUE,TRUE,6,1,Protected,Natural,High,Catalina Island
2018,10,6,10:0,"Casino Point - Avalon, Catalina Island",33.349055,-118.324805,Only photo of giant sea bass with acoustic tag.,GSB141,Catalina Island- Casino Point,2018-10-15T00:00:00Z,TRUE,FALSE,3,1,Protected,Natural,High,Catalina Island
2018,10,6,10:0,"Casino Point - Avalon, Catalina",33.349055,-118.324805,I believe we dove with approx. 6-8 giant sea bass on this dive.,GSB231,Catalina Island- Casino Point,2018-10-15T00:00:00Z,FALSE,FALSE,2,2,Protected,Natural,Low,Catalina Island
2018,9,22,NA,"Casino Point Marine Park, Avalon, Catalina Island",33.349055,-118.324805,We saw at least 4 different giant sea bass throughout the course of this dive.,GSB178,Catalina Island- Casino Point,2018-09-24T00:00:00Z,TRUE,FALSE,6,1,Protected,Natural,High,Catalina Island
2018,9,22,NA,"Casino Point Marine Park, Avalon, Catalina Island",33.349055,-118.324805,We saw at least 4 different giant sea bass throughout the course of this dive. I think the three in the photos submitted are distinct individuals (maybe?).,GSB179,Catalina Island- Casino Point,2018-09-24T00:00:00Z,TRUE,FALSE,4,1,Protected,Natural,High,Catalina Island
2018,9,21,10:0,Casino Point,33.349055,-118.324805,Depth was reported as 45-50 ft.,GSB185,Catalina Island- Casino Point,2018-09-23T00:00:00Z,TRUE,FALSE,2,1,Protected,Natural,High,Catalina Island
2018,9,7,NA,Anacapa Island - Cathedral Point Area,34.01588687479189,-119.3715165,My dive buddy that day may have already submitted this same fish. We were photographing it together. It stayed with us for more than 1/2 hour.,GSB187,Anacapa Island- Cathedral Point,2019-02-02T00:00:00Z,TRUE,TRUE,5,4,Protected,Natural,Medium,Northern Channel Islands
2018,9,7,10:30,"Anacapa Island, just east of Winfield Scott",34.00960483430202,-119.3867765,This Black Sea Bass came up from behind my partner and I and presently spent about 15 minutes slowly swimming around and near us and seemed to be extremely comfortable with divers. No other fish were seen during this encounter.,GSB187,Anacapa Island- Winfield Scott Wreck,2018-09-14T00:00:00Z,TRUE,TRUE,5,4,Protected,Artificial,Medium,Northern Channel Islands
2018,8,19,9:0,Catalina Island- Casino Point,33.349055,-118.324805,NA,GSB182,Catalina Island- Casino Point,2018-08-22T00:00:00Z,TRUE,FALSE,3,2,Protected,Natural,Low,Catalina Island
2018,8,17,9:16,Hermosa Artificial Reef,33.853667,-118.413333,NA,HERART006,Hermosa Artificial Reef,2019-09-18T00:00:00Z,TRUE,FALSE,4,1,Non-Protected,Artificial,High,Los Angeles
2018,8,16,0:0,Catalina Island-Twin Rocks,33.41833,-118.3901,1 of 3 sighted on this dive,GSB188,Catalina Island- Twin Rocks,2019-03-16T00:00:00Z,TRUE,FALSE,2,2,Protected,Natural,Low,Catalina Island
2018,8,14,NA,Catalina Island - Little Farnsworth,33.33366,-118.3076857,4 GSB observed during this dive,GSB190,Catalina Island- Little Farnsworth,2019-03-20T00:00:00Z,TRUE,TRUE,3,3,Non-Protected,Natural,Low,Catalina Island
2018,8,14,NA,Catalina Island - Little Farnsworth,33.33366,-118.3076857,NA,GSB193,Catalina Island- Little Farnsworth,2019-03-20T00:00:00Z,TRUE,FALSE,2,1,Non-Protected,Natural,High,Catalina Island
2018,8,14,NA,Catalina Island - Little Farnsworth,33.33366,-118.3076857,NA,GSB193,Catalina Island- Little Farnsworth,2019-03-20T00:00:00Z,TRUE,FALSE,2,1,Non-Protected,Natural,High,Catalina Island
2018,7,28,NA,"Casino Point, Santa Catalina Island",33.349055,-118.324805,NA,GSB185,Catalina Island- Casino Point,2018-07-29T00:00:00Z,TRUE,FALSE,2,1,Protected,Natural,High,Catalina Island
2018,7,21,10:0,Catalina Avalon casino point,33.349055,-118.324805,NA,GSB154,Catalina Island- Casino Point,2018-08-03T00:00:00Z,TRUE,FALSE,2,1,Protected,Natural,High,Catalina Island
2018,7,16,NA,Casino Point,33.349055,-118.324805,NA,GSB141,Catalina Island- Casino Point,2018-07-17T00:00:00Z,TRUE,FALSE,3,1,Protected,Natural,High,Catalina Island
2018,7,16,NA,Casino Point,33.349055,-118.324805,NA,GSB144,Catalina Island- Casino Point,2018-09-24T00:00:00Z,TRUE,FALSE,2,1,Protected,Natural,High,Catalina Island
2018,7,16,9:0,Casino Point,33.349055,-118.324805,NA,GSB144,Catalina Island- Casino Point,2018-07-17T00:00:00Z,TRUE,FALSE,2,1,Protected,Natural,High,Catalina Island
2018,7,16,NA,"Catalina Island, Casino Point",33.349055,-118.324805,NA,GSB141,Catalina Island- Casino Point,2018-07-16T00:00:00Z,TRUE,FALSE,3,1,Protected,Natural,High,Catalina Island
2018,6,22,NA,"Los Angeles County, Catalina Island, Avalon, Casino Point Dive Park",33.349055,-118.324805,GSB062218-01 was part of a breeding aggregation within dense kelp directly off the Casino Point Dive Park stairs.,GSB163,Catalina Island- Casino Point,2018-08-08T00:00:00Z,TRUE,FALSE,8,1,Protected,Natural,High,Catalina Island
2018,6,21,NA,"Los Angeles County, Catalina Island, Avalon, Casino Point Dive Park",33.349055,-118.324805,GSB062118-01 was part of a breeding aggregation.,GSB023,Catalina Island- Casino Point,2018-08-08T00:00:00Z,TRUE,FALSE,5,3,Protected,Natural,Low,Catalina Island
2018,4,28,NA,Catalina Island- Casino Point,33.349055,-118.324805,NA,GSB190,Catalina Island- Casino Point,2019-03-18T00:00:00Z,FALSE,TRUE,3,3,Protected,Natural,Low,Catalina Island
2017,11,10,NA,Catalina Island- Eagle Reef,33.461908,-118.505058,NA,GSB231,Catalina Island- Eagle Reef,2019-04-09T00:00:00Z,TRUE,FALSE,2,2,Protected,Natural,Low,Catalina Island
2017,10,28,NA,Avalon UW Park,33.349055,-118.324805,Saw them on all three dives from 11AM-4PM. Straight out from stairs and perhaps a bit to the left. 60-70 feet deep with scattered kelp patches. Also observed juvy Kelp bass cleaning some of the fish.,GSB110,Catalina Island- Casino Point,2017-11-01T00:00:00Z,TRUE,FALSE,6,1,Protected,Natural,High,Catalina Island
2017,10,28,NA,Avalon UW Park,33.349055,-118.324805,Saw them on all three dives from 11AM-4PM. Straight out from stairs and perhaps a bit to the left. 60-70 feet deep with scattered kelp patches. Also observed juvy Kelp bass cleaning some of the fish.,GSB137,Catalina Island- Casino Point,2017-11-01T00:00:00Z,TRUE,FALSE,3,1,Protected,Natural,High,Catalina Island
2017,10,28,NA,Avalon UW Park,33.349055,-118.324805,Saw them on all three dives from 11AM-4PM. Straight out from stairs and perhaps a bit to the left. 60-70 feet deep with scattered kelp patches. Also observed juvy Kelp bass cleaning some of the fish.,GSB110,Catalina Island- Casino Point,2017-11-01T00:00:00Z,TRUE,FALSE,6,1,Protected,Natural,High,Catalina Island
2017,10,28,NA,Avalon UW Park,33.349055,-118.324805,Saw them on all three dives from 11AM-4PM. Straight out from stairs and perhaps a bit to the left. 60-70 feet deep with scattered kelp patches. Also observed juvy Kelp bass cleaning some of the fish.,GSB110,Catalina Island- Casino Point,2017-11-01T00:00:00Z,TRUE,FALSE,6,1,Protected,Natural,High,Catalina Island
2017,10,28,NA,Avalon UW Park,33.349055,-118.324805,Saw them on all three dives from 11AM-4PM. Straight out from stairs and perhaps a bit to the left. 60-70 feet deep with scattered kelp patches. Also observed juvy Kelp bass cleaning some of the fish.,GSB137,Catalina Island- Casino Point,2017-11-01T00:00:00Z,TRUE,FALSE,3,1,Protected,Natural,High,Catalina Island
2017,10,28,13:0,Avalon UW Park,33.349055,-118.324805,Saw them on all three dives from 11AM-4PM. Straight out from stairs and perhaps a bit to the left. 60-70 feet deep with scattered kelp patches. Also observed juvy Kelp bass cleaning some of the fish.,CASINOPT001,Catalina Island- Casino Point,2017-10-31T00:00:00Z,TRUE,FALSE,2,1,Protected,Natural,High,Catalina Island
2017,10,11,NA,NA,33.349055,-118.324805,NA,GSB110,Catalina Island- Casino Point,2021-12-15T06:53:16Z,TRUE,FALSE,6,1,Protected,Natural,High,Catalina Island
2017,10,11,NA,NA,33.349055,-118.324805,NA,GSB151,Catalina Island- Casino Point,2021-12-15T06:50:22Z,TRUE,FALSE,2,1,Protected,Natural,High,Catalina Island
2017,10,11,NA,NA,33.349055,-118.324805,NA,GSB178,Catalina Island- Casino Point,2021-12-15T06:51:22Z,TRUE,FALSE,6,1,Protected,Natural,High,Catalina Island
2017,10,1,NA,casino point,33.349055,-118.324805,salvaged gopro,GSB209,Catalina Island- Casino Point,2019-03-06T00:00:00Z,TRUE,FALSE,2,1,Protected,Natural,High,Catalina Island
2017,10,1,NA,Catalina Island- Casino Point,33.349055,-118.324805,salvaged gopro,GSB178,Catalina Island- Casino Point,2019-03-06T00:00:00Z,TRUE,FALSE,6,1,Protected,Natural,High,Catalina Island
2017,10,1,NA,casino point,33.349055,-118.324805,salvaged gopro,GSB209,Catalina Island- Casino Point,2019-03-06T00:00:00Z,TRUE,FALSE,2,1,Protected,Natural,High,Catalina Island
2017,10,1,NA,Casino Point,33.349055,-118.324805,salvaged gopro,GSB179,Catalina Island- Casino Point,2019-03-06T00:00:00Z,TRUE,FALSE,4,1,Protected,Natural,High,Catalina Island
2017,9,12,NA,Catalina Island- Little Farnsworth,33.33366,-118.3076857,4 GSB seen on this dive,GSB182,Catalina Island- Little Farnsworth,2019-03-20T00:00:00Z,TRUE,TRUE,3,2,Non-Protected,Natural,Low,Catalina Island
2017,9,4,NA,Santa Barbara Island,33.4769828,-119.0473013,https://www.instagram.com/p/BYpbQNWlYIN/?hl=en&tagged=giantseabass,GSB120,Santa Barbara Island,2018-04-27T00:00:00Z,FALSE,FALSE,2,1,Unknown,Natural,High,Northern Channel Islands
2017,8,30,NA,Santa Barbara Island,33.4769828,-119.0473013,"SASSI2017 NOAA Cruise, SB Island, drop 4, fish 5, L/R",GSB119,Santa Barbara Island,2018-04-13T00:00:00Z,FALSE,FALSE,2,1,Unknown,Natural,High,Northern Channel Islands
2017,8,29,NA,Santa Barbara Island,33.4769828,-119.0473013,"SASSI2017 NOAA Cruise, SB Island, drop 2, left 9, right 9",GSB267,Santa Barbara Island,2018-04-13T00:00:00Z,FALSE,TRUE,2,1,Unknown,Natural,High,Northern Channel Islands
2017,8,29,NA,Santa Barbara Island,33.4769828,-119.0473013,"SASSI2017 NOAA Crusie, SB Island, Drop 1, left and right of fish 3",GSB120,Santa Barbara Island,2018-04-08T00:00:00Z,TRUE,FALSE,2,1,Unknown,Natural,High,Northern Channel Islands
2017,8,29,NA,Santa Barbara Island,33.4769828,-119.0473013,"SASSI2017 NOAA Cruise, SB island, drop 1, left5, right5",GSB119,Santa Barbara Island,2018-02-23T00:00:00Z,FALSE,FALSE,2,1,Unknown,Natural,High,Northern Channel Islands
2017,8,17,10:35,Catalina Island- Little Farnsworth,33.33366,-118.3076857,NA,GSB023,Catalina Island- Little Farnsworth,2019-03-16T00:00:00Z,TRUE,TRUE,5,3,Non-Protected,Natural,Low,Catalina Island
2017,8,17,12:0,"Casino Point, Catalina Island",33.349055,-118.324805,NA,GSB137,Catalina Island- Casino Point,2018-05-17T00:00:00Z,TRUE,FALSE,3,1,Protected,Natural,High,Catalina Island
2017,8,16,NA,"Los Angeles County, Catalina Island, Avalon, Casino Point Dive Park",33.349055,-118.324805,GSB081617-10 participated in a breeding aggregation centered directly off the Casino Point Dive Park stairs. It utilized openings and lanes within otherwise dense kelp.,GSB179,Catalina Island- Casino Point,2018-08-09T00:00:00Z,TRUE,FALSE,4,1,Protected,Natural,High,Catalina Island
2017,8,16,NA,"Los Angeles County, Catalina Island, Avalon, Casino Point Dive Park",33.349055,-118.324805,GSB081618-06 participated in a breeding aggregation centered directly off the Casino Point Dive Park steps.,GSB179,Catalina Island- Casino Point,2018-08-09T00:00:00Z,TRUE,FALSE,4,1,Protected,Natural,High,Catalina Island
2017,8,5,NA,"Casino Point, Avalon, Catalina Island",33.349055,-118.324805,NA,GSB033,Catalina Island- Casino Point,2022-03-23T19:34:31Z,TRUE,FALSE,2,2,Protected,Natural,Low,Catalina Island
2017,8,1,NA,casino point,33.349055,-118.324805,https://www.youtube.com/watch?v=P5f6kqk6Ri0,GSB151,Catalina Island- Casino Point,2018-04-27T00:00:00Z,TRUE,FALSE,2,1,Protected,Natural,High,Catalina Island
2017,8,1,NA,Casino Point,33.349055,-118.324805,https://www.youtube.com/watch?v=P5f6kqk6Ri0,GSB156,Catalina Island- Casino Point,2018-04-27T00:00:00Z,TRUE,FALSE,2,2,Protected,Natural,Low,Catalina Island
2017,6,30,NA,Hermosa Artificial Reef,33.853667,-118.413333,Both sides of the same fish. Very poor visibility.,HERART028,Hermosa Artificial Reef,2017-07-03T00:00:00Z,TRUE,TRUE,3,1,Non-Protected,Artificial,High,Los Angeles
2017,4,22,NA,Big Fisherman's Cove,33.445056,-118.485667,https://www.instagram.com/p/BTMvbCWFwm_/?hl=en&tagged=giantseabass,GSB136,Catalina Island- Big Fisherman's Cove,2018-04-27T00:00:00Z,TRUE,FALSE,6,4,Protected,Natural,Medium,Catalina Island
2016,12,23,0:00,Hermosa Artificial Reef,33.853667,-118.413333,NA,HERART024,Hermosa Artificial Reef,2017-04-03T21:48:55Z,TRUE,FALSE,4,1,Non-Protected,Artificial,High,Los Angeles
2016,12,23,0:00,Hermosa Artificial Reef,33.853667,-118.413333,NA,HERART027,Hermosa Artificial Reef,2017-04-03T21:48:55Z,TRUE,TRUE,2,1,Non-Protected,Artificial,High,Los Angeles
2016,12,10,NA,Hermosa Artificial Reef,33.853667,-118.413333,NA,HERART014,Hermosa Artificial Reef,2018-08-31T00:00:00Z,TRUE,FALSE,5,1,Non-Protected,Artificial,High,Los Angeles
2016,11,27,NA,Casino Point Dive Park,33.349055,-118.324805,NA,GSB110,Catalina Island- Casino Point,2020-04-25T00:00:00Z,TRUE,TRUE,6,1,Protected,Natural,High,Catalina Island
2016,11,2,0:00,Hermosa Artificial Reef,33.853667,-118.413333,NA,HERART025,Hermosa Artificial Reef,2017-04-03T21:48:55Z,TRUE,FALSE,5,1,Non-Protected,Artificial,High,Los Angeles
2016,11,2,0:00,Hermosa Artificial Reef,33.853667,-118.413333,NA,HERART025,Hermosa Artificial Reef,2017-04-03T21:48:55Z,TRUE,FALSE,5,1,Non-Protected,Artificial,High,Los Angeles
2016,11,2,0:00,Hermosa Artificial Reef,33.853667,-118.413333,NA,HERART025,Hermosa Artificial Reef,2017-04-03T21:48:55Z,TRUE,FALSE,5,1,Non-Protected,Artificial,High,Los Angeles
2016,10,13,NA,NA,33.349055,-118.324805,NA,GSB043,Catalina Island- Casino Point,2021-12-15T06:41:25Z,TRUE,FALSE,4,2,Protected,Natural,Low,Catalina Island
2016,9,16,0:00,"Casino Point, Catalina Island",33.349055,-118.324805,GPS location estimated by Ashley,GSB227,Catalina Island- Casino Point,2017-04-03T21:48:28Z,TRUE,FALSE,3,1,Protected,Natural,High,Catalina Island
2016,9,16,0:00,Avalon UW Park,33.349055,-118.324805,GPS location estimated by Ashley,CASINOPT001,Catalina Island- Casino Point,2017-04-03T21:48:28Z,TRUE,FALSE,2,1,Protected,Natural,High,Catalina Island
2016,8,27,0:00,Hermosa Artificial Reef,33.853667,-118.413333,"Both sides, GPS location estimated by Ashley",HERART018,Hermosa Artificial Reef,2017-04-03T21:48:21Z,TRUE,FALSE,3,1,Non-Protected,Artificial,High,Los Angeles
2016,8,27,0:00,Hermosa Artificial Reef,33.853667,-118.413333,"Both sides, GPS location estimated by Ashley",HERART018,Hermosa Artificial Reef,2017-04-03T21:48:23Z,TRUE,FALSE,3,1,Non-Protected,Artificial,High,Los Angeles
2016,8,27,0:00,Hermosa Artificial Reef,33.853667,-118.413333,"Both sides, GPS location estimated by Ashley",HERART018,Hermosa Artificial Reef,2017-04-03T21:48:14Z,TRUE,FALSE,3,1,Non-Protected,Artificial,High,Los Angeles
2016,4,10,0:00,Hermosa Artificial Reef,33.853667,-118.413333,GPS location estimated by Ashley,HERART008,Hermosa Artificial Reef,2017-04-03T21:46:06Z,TRUE,FALSE,3,1,Non-Protected,Artificial,High,Los Angeles
2016,4,10,0:00,Hermosa Artificial Reef,33.853667,-118.413333,GPS location estimated by Ashley,HERART008,Hermosa Artificial Reef,2017-04-03T21:45:58Z,TRUE,FALSE,3,1,Non-Protected,Artificial,High,Los Angeles
2016,4,10,0:00,Hermosa Artificial Reef,33.853667,-118.413333,GPS location estimated by Ashley,HERART015,Hermosa Artificial Reef,2017-04-03T21:46:48Z,TRUE,FALSE,2,1,Non-Protected,Artificial,High,Los Angeles
2016,4,10,0:00,Hermosa Artificial Reef,33.853667,-118.413333,GPS location estimated by Ashley,HERART015,Hermosa Artificial Reef,2017-04-03T21:46:59Z,TRUE,FALSE,2,1,Non-Protected,Artificial,High,Los Angeles
2016,4,10,0:00,Hermosa Artificial Reef,33.853667,-118.413333,GPS location estimated by Ashley,HERART008,Hermosa Artificial Reef,2017-04-03T21:46:17Z,TRUE,FALSE,3,1,Non-Protected,Artificial,High,Los Angeles
2016,1,4,0:00,Hermosa Artificial Reef,33.853667,-118.413333,NA,HERART024,Hermosa Artificial Reef,2017-04-03T21:48:55Z,TRUE,FALSE,4,1,Non-Protected,Artificial,High,Los Angeles
2016,1,3,0:00,Hermosa Artificial Reef,33.853667,-118.413333,NA,HERART024,Hermosa Artificial Reef,2017-04-03T21:48:55Z,TRUE,FALSE,4,1,Non-Protected,Artificial,High,Los Angeles
2016,1,2,0:00,Hermosa Artificial Reef,33.853667,-118.413333,NA,HERART024,Hermosa Artificial Reef,2017-04-03T21:48:55Z,TRUE,FALSE,4,1,Non-Protected,Artificial,High,Los Angeles
2015,11,23,0:00,"Wheeler North Reef, SONGS site",33.407924,-117.618703,NA,WNR002,"Wheeler North Reef, SONGS site",2017-04-03T21:48:54Z,TRUE,FALSE,4,1,Non-Protected,Natural,High,San Diego
2015,11,23,0:00,"Wheeler North Reef, SONGS site",33.407924,-117.618703,NA,WNR002,"Wheeler North Reef, SONGS site",2017-04-03T21:48:55Z,TRUE,FALSE,4,1,Non-Protected,Natural,High,San Diego
2015,11,23,0:00,"Wheeler North Reef, SONGS site",33.407924,-117.618703,NA,WNR002,"Wheeler North Reef, SONGS site",2017-04-03T21:48:54Z,TRUE,FALSE,4,1,Non-Protected,Natural,High,San Diego
2015,11,23,14:58,"Wheeler North, SONGS Mitigation Site 10",33.407924,-117.618703,"Single fish, circled for 16 minutes making close passes.",WNR002,"Wheeler North Reef, SONGS site",2019-10-25T00:00:00Z,TRUE,FALSE,4,1,Non-Protected,Natural,High,San Diego
2015,11,21,0:0,Hermosa Artificial Reef,33.853667,-118.413333,GPS location estimated by Ashley,HERART014,Hermosa Artificial Reef,2017-04-03T21:46:42Z,TRUE,FALSE,5,1,Non-Protected,Artificial,High,Los Angeles
2015,11,21,0:0,Hermosa Artificial Reef,33.853667,-118.413333,GPS location estimated by Ashley,HERART014,Hermosa Artificial Reef,2017-04-03T21:46:40Z,TRUE,FALSE,5,1,Non-Protected,Artificial,High,Los Angeles
2015,9,6,0:00,Hermosa Artificial Reef,33.853667,-118.413333,GPS location estimated by Ashley,HERART005,Hermosa Artificial Reef,2017-04-03T21:45:46Z,TRUE,FALSE,3,1,Non-Protected,Artificial,High,Los Angeles
2015,9,6,8:42,Hermosa Artificial Reef,33.853667,-118.413333,NA,GSB457,Hermosa Artificial Reef,2021-11-06T22:09:48Z,TRUE,FALSE,2,1,Non-Protected,Artificial,High,Los Angeles
2015,9,5,0:00,Hermosa Artificial Reef,33.853667,-118.413333,GPS location estimated by Ashley,HERART005,Hermosa Artificial Reef,2017-04-03T21:45:40Z,TRUE,FALSE,3,1,Non-Protected,Artificial,High,Los Angeles
2015,9,5,0:00,Hermosa Artificial Reef,33.853667,-118.413333,GPS location estimated by Ashley,HERART006,Hermosa Artificial Reef,2017-04-03T21:45:49Z,TRUE,FALSE,4,1,Non-Protected,Artificial,High,Los Angeles
2015,9,3,0:00,Hermosa Artificial Reef,33.853667,-118.413333,GPS location estimated by Ashley,HERART006,Hermosa Artificial Reef,2017-04-03T21:45:52Z,TRUE,FALSE,4,1,Non-Protected,Artificial,High,Los Angeles
2015,9,3,0:00,Hermosa Artificial Reef,33.853667,-118.413333,GPS location estimated by Ashley,HERART001,Hermosa Artificial Reef,2017-04-03T21:45:17Z,TRUE,FALSE,3,1,Non-Protected,Artificial,High,Los Angeles
2015,9,3,0:00,Hermosa Artificial Reef,33.853667,-118.413333,GPS location estimated by Ashley,HERART001,Hermosa Artificial Reef,2017-04-03T21:45:19Z,TRUE,FALSE,3,1,Non-Protected,Artificial,High,Los Angeles
2015,9,3,0:00,Hermosa Artificial Reef,33.853667,-118.413333,GPS location estimated by Ashley,HERART005,Hermosa Artificial Reef,2017-04-03T21:45:43Z,TRUE,FALSE,3,1,Non-Protected,Artificial,High,Los Angeles
2015,6,5,NA,"Cathedral Cove, Anacapa",34.0165,-119.3701,NA,GSB187,Anacapa Island- Cathedral Cove,2020-09-04T04:06:21Z,TRUE,FALSE,5,4,Protected,Natural,Medium,Northern Channel Islands
2015,NA,NA,0:0,Hermosa Artificial Reef,33.853667,-118.413333,NA,GSB015,Hermosa Artificial Reef,2017-04-03T21:45:03Z,TRUE,FALSE,3,1,Non-Protected,Artificial,High,Los Angeles
2015,NA,NA,NA,NA,33.853667,-118.413333,NA,GSB015,Hermosa Artificial Reef,2017-04-03T21:45:02Z,TRUE,FALSE,3,1,Non-Protected,Artificial,High,Los Angeles
2015,NA,NA,NA,NA,33.853667,-118.413333,NA,GSB015,Hermosa Artificial Reef,2017-04-03T21:45:03Z,TRUE,FALSE,3,1,Non-Protected,Artificial,High,Los Angeles
2014,7,4,0:00,Catalina Island,33.3879,-118.4163,NA,GSB023,Catalina Island,2017-04-03T21:44:32Z,TRUE,FALSE,5,3,Unknown,Natural,Low,Catalina Island
2014,7,4,0:00,Catalina Island,33.3879,-118.4163,NA,GSB102,Catalina Island,2017-04-03T21:44:34Z,TRUE,FALSE,2,1,Unknown,Natural,High,Catalina Island
2014,7,4,0:00,Catalina Island,33.3879,-118.4163,NA,GSB023,Catalina Island,2017-04-03T21:44:32Z,TRUE,FALSE,5,3,Unknown,Natural,Low,Catalina Island
2014,7,4,0:00,Catalina Island,33.3879,-118.4163,NA,GSB102,Catalina Island,2017-04-03T21:44:34Z,TRUE,FALSE,2,1,Unknown,Natural,High,Catalina Island
2013,11,NA,0:0,Catalina Island,33.3879,-118.4163,NA,GSB036,Catalina Island,2017-04-03T21:44:50Z,TRUE,FALSE,2,2,Unknown,Natural,Low,Catalina Island
2013,11,NA,0:0,Catalina Island,33.3879,-118.4163,NA,GSB033,Catalina Island,2017-04-03T21:44:50Z,TRUE,FALSE,2,2,Unknown,Natural,Low,Catalina Island
2012,7,14,NA,Catalina,33.41751,-118.396223,NA,GSB486,Catalina Island- Goat Harbor,2021-11-19T01:33:40Z,TRUE,FALSE,2,1,Protected,Natural,High,Catalina Island
2012,7,14,NA,Catalina,33.41751,-118.396223,NA,GSB486,Catalina Island- Goat Harbor,2021-11-19T01:31:29Z,TRUE,FALSE,2,1,Protected,Natural,High,Catalina Island
2010,8,28,0:00,Catalina Island- Goat Harbor,33.417167,-118.396223,(Top),GSB016,Catalina Island- Goat Harbor,2017-04-03T21:44:38Z,TRUE,FALSE,2,1,Protected,Natural,High,Catalina Island
2010,8,28,0:00,Catalina Island- Goat Harbor,33.417167,-118.396223,(Bottom),GSB016,Catalina Island- Goat Harbor,2017-04-03T21:44:38Z,TRUE,FALSE,2,1,Protected,Natural,High,Catalina Island
2010,7,25,0:00,Anacapa Island,34.004546,-119.398734,NA,GSB051,Anacapa Island,2017-04-03T21:44:17Z,TRUE,FALSE,3,1,Unknown,Natural,High,Northern Channel Islands
2010,7,25,0:00,Anacapa Island,34.004546,-119.398734,NA,GSB051,Anacapa Island,2017-04-03T21:44:17Z,TRUE,FALSE,3,1,Unknown,Natural,High,Northern Channel Islands
2010,7,25,0:00,Anacapa Island,34.004546,-119.398734,NA,GSB051,Anacapa Island,2017-04-03T21:44:17Z,TRUE,FALSE,3,1,Unknown,Natural,High,Northern Channel Islands
2006,8,27,0:00,La Jolla Cove,32.851022,-117.27226,NA,GSB037,La Jolla Cove,2017-04-03T21:44:13Z,TRUE,FALSE,2,1,Protected,Natural,High,San Diego
2006,8,27,0:00,La Jolla Cove,32.851022,-117.27226,NA,GSB037,La Jolla Cove,2017-04-03T21:44:12Z,TRUE,FALSE,2,1,Protected,Natural,High,San Diego
2005,10,6,9:21,Italian Gardens,33.41362,-118.38027,NA,GSB169,Catalina Island- Italian Gardens,2018-09-17T00:00:00Z,TRUE,FALSE,2,1,Protected,Natural,High,Catalina Island
2004,5,28,5:56,Catalina,33.41362,-118.38027,NA,GSB492,Catalina Island- Italian Gardens,2021-11-18T01:18:14Z,TRUE,FALSE,2,1,Protected,Natural,High,Catalina Island
2004,5,28,5:55,"Italian Gardens, Catalina",33.41362,-118.38027,NA,GSB492,Catalina Island- Italian Gardens,2021-11-18T01:16:04Z,TRUE,FALSE,2,1,Protected,Natural,High,Catalina Island
NA,NA,NA,0:00,San Clemente Island,32.897589,-118.496071,NA,GSB048,San Clemente Island,2017-04-03T21:44:36Z,TRUE,FALSE,2,1,Non-Protected,Natural,High,San Diego
NA,NA,NA,0:00,La Jolla Cove,33.3879,-118.4163,(Bottom),GSB030,Catalina Island,2017-04-03T21:44:26Z,TRUE,FALSE,2,1,Unknown,Natural,High,Catalina Island
NA,NA,NA,0:00,San Clemente Island,32.897589,-118.496071,NA,GSB048,San Clemente Island,2017-04-03T21:44:35Z,TRUE,FALSE,2,1,Non-Protected,Natural,High,San Diego
NA,NA,NA,0:00,Channel Islands,34.004171,-119.397338,NA,GSB043,Channel Islands,2017-04-03T21:44:40Z,TRUE,FALSE,4,2,Unknown,Natural,Low,Northern Channel Islands
NA,NA,NA,0:00,Channel Islands,34.004171,-119.397338,NA,GSB043,Channel Islands,2017-04-03T21:44:40Z,TRUE,FALSE,4,2,Unknown,Natural,Low,Northern Channel Islands
NA,NA,NA,0:00,NA,33.3879,-118.4163,NA,GSB030,Catalina Island,2017-04-03T21:44:26Z,TRUE,FALSE,2,1,Unknown,Natural,High,Catalina Island
